{"docs_processed": 10000000, "clicks": [0, 353611, 172248, 94274, 72538, 44988, 35781, 29598, 21217, 17002, 1234], "impressions": [0, 1042662, 1001526, 1069346, 1057597, 1070309, 1080339, 1132016, 1074376, 1148389, 140537], "skips": [0, 240717, 151331, 121993, 85100, 57913, 42181, 31282, 16821, 1949, 534], "examined": [0, 1042662, 1001526, 1069346, 1057597, 1070309, 1080339, 1132016, 1074376, 1148389, 140537], "dwell_sum": [0.0, 998496.125, 490736.90625, 261357.109375, 204329.546875, 123354.671875, 96595.7890625, 77388.109375, 61142.0859375, 60742.796875, 5118.111328125], "dwell_count": [0.0, 1042662.0, 1001526.0, 1069346.0, 1057597.0, 1070309.0, 1080339.0, 1132016.0, 1074376.0, 1148389.0, 140537.0]}